Split,Dice_mean,Dice_std,Dice_median,IoU_mean,IoU_std,IoU_median,Precision_mean,Precision_std,Precision_median,Recall_mean,Recall_std,Recall_median
TEST,0.9231530817602425,0.041681372344945275,0.9329442819874192,0.8598277810537993,0.06627556384174327,0.874316370152923,0.916665968063124,0.07238712602609047,0.93419395795951,0.9365463321593307,0.05752605681459022,0.9519190762774337
VAL,0.9231930659109506,0.04012335944131313,0.9324867883435911,0.8597417724169999,0.06459498177113553,0.8735131127607976,0.916487158949964,0.06930335411687667,0.9331394278227336,0.9364091315363937,0.057042629542335556,0.9508661369355804
