Split,Phase,Dice_mean,Dice_std,Dice_median,IoU_mean,IoU_std,IoU_median,Precision_mean,Precision_std,Precision_median,Recall_mean,Recall_std,Recall_median
TEST,ED,0.9344111075241016,0.03190161153929801,0.9417160575578146,0.8784634733089374,0.052577218075788724,0.8898519766266528,0.9326083973890401,0.056240150702650614,0.9464368052228946,0.9412514108181549,0.054054481458614065,0.9560213243956288
TEST,ES,0.9118950559963832,0.04695357599199075,0.9230215429429791,0.8411920887986615,0.07299903495831328,0.8570473645762731,0.900723538737208,0.08253621272092303,0.9214465397978625,0.9318412535005066,0.060455708508324976,0.9462212063081368
VAL,ED,0.9350333220848064,0.031048591582528935,0.9408855100820722,0.8794715474208816,0.05096017501237725,0.8883699724395985,0.9326925972939086,0.0544948915036984,0.9464235582777913,0.9420671109714491,0.05260308087028196,0.9546329421664357
VAL,ES,0.9113528097370946,0.04445674973455026,0.9215356541749711,0.8400119974131183,0.07051377870488815,0.8544887532398696,0.9002817206060193,0.07819404014060216,0.9170208061806469,0.9307511521013384,0.06065551991149305,0.9470412527060771
