model,rmse,mae,r2
train_mean_baseline,11.892563851044562,9.383936882019043,-0.00020754337310791016
ridge_handcrafted_baseline,11.085054842306086,8.748703002929688,0.13100993633270264
