split,n_samples,label_mean,label_std,label_min,label_max
train,320,52.17375,11.987488203852381,6.0,85.6
val,80,52.00250000000001,11.89133061309793,7.0,76.8
